Track,Race_Date,Race_No,Box,Dog_Name,Tab_No,FF_Form,BP,A/S,WT (kg),Trainer,Sire,Dam,Owner,Career_W-P-S,Prize_Money,RTC,DLR,DLW,Car_PM/s (G1),12m_PM/s (G2),API (G3),RTC/km,Trainer_Win_%,Trainer_Place_%,Raced_Dist_W-P-S,Crs_W-P-S,Dist_W-P-S,FU_W-P-S,2U_W-P-S,DOD,Avg_Speed_km/h,Min_Speed_km/h,Max_Speed_km/h,Hist_Date,Hist_Track,Hist_Distance,Hist_Finish_Pos,Hist_Margin_L,Hist_Race_Time,Hist_Sec_Time,Hist_Sec_Time_Adj,Hist_Speed_km/h,Hist_SOT,Hist_RST,Hist_BP,Hist_Odds,Hist_API,Hist_Prize_Won,Hist_Winner,Hist_2nd_Place,Hist_3rd_Place,Hist_Settled_Turn,Hist_Ongoing_Winners,Hist_Track_Direction,Hist_Count,Data_Source_File,Parse_Timestamp
,,,1,Paradise Flyer,13575,,,,,,,,,,,,,,,,,,,,,,,,,,,,,,,,,,,,,,,,,,,,,,,,,,,CANNG1211form conv.docx,2025-11-14T06:21:10.812040
,,,1,Scelzi,26452,,,,,,,,,,,,,,,,,,,,,,,,,,,,,,,,,,,,,,,,,,,,,,,,,,,CANNG1211form conv.docx,2025-11-14T06:21:10.812040
,,,1,Yunderup Tammy,32656,,,,,,,,,,,,,,,,,,,,,,,,,,,,,,,,,,,,,,,,,,,,,,,,,,,CANNG1211form conv.docx,2025-11-14T06:21:10.812040
,,,1,Don't Play Games,84136,,,,,,,,,,,,,,,,,,,,,,,,,,,,,,,,,,,,,,,,,,,,,,,,,,,CANNG1211form conv.docx,2025-11-14T06:21:10.812040
,,,1,Thank You Joe,27185,,,,,,,,,,,,,,,,,,,,,,,,,,,,,,,,,,,,,,,,,,,,,,,,,,,CANNG1211form conv.docx,2025-11-14T06:21:10.812040
,,,1,Harmony Rhythm,72353,,,,,,,,,,,,,,,,,,,,,,,,,,,,,,,,,,,,,,,,,,,,,,,,,,,CANNG1211form conv.docx,2025-11-14T06:21:10.812040
,,,1,Sunset Skylight,34362,,,,,,,,,,,,,,,,,,,,,,,,,,,,,,,,,,,,,,,,,,,,,,,,,,,CANNG1211form conv.docx,2025-11-14T06:21:10.812040
,,,1,Killer Kelly,43433,,,,,,,,,,,,,,,,,,,,,,,,,,,,,,,,,,,,,,,,,,,,,,,,,,,CANNG1211form conv.docx,2025-11-14T06:21:10.812040
,,,1,Red Hot Bernie,13121,,,,,,,,,,,,,,,,,,,,,,,,,,,,,,,,,,,,,,,,,,,,,,,,,,,CANNG1211form conv.docx,2025-11-14T06:21:10.812040
,,,1,Illusive Flash,37774,,,,,,,,,,,,,,,,,,,,,,,,,,,,,,,,,,,,,,,,,,,,,,,,,,,MANDG0710form conv.docx,2025-11-14T06:21:10.812040
,,,1,Full Gloss Kwang,72844,,,,,,,,,,,,,,,,,,,,,,,,,,,,,,,,,,,,,,,,,,,,,,,,,,,MANDG0710form conv.docx,2025-11-14T06:21:10.812040
,,,1,West On Darci,34364,,,,,,,,,,,,,,,,,,,,,,,,,,,,,,,,,,,,,,,,,,,,,,,,,,,MANDG0710form conv.docx,2025-11-14T06:21:10.812040
,,,1,Hollywood Miss,35833,,,,,,,,,,,,,,,,,,,,,,,,,,,,,,,,,,,,,,,,,,,,,,,,,,,MANDG0710form conv.docx,2025-11-14T06:21:10.812040
,,,1,Pingelly Prince,41627,,,,,,,,,,,,,,,,,,,,,,,,,,,,,,,,,,,,,,,,,,,,,,,,,,,MANDG0710form conv.docx,2025-11-14T06:21:10.812040
,,,1,Speedy Deville,83444,,,,,,,,,,,,,,,,,,,,,,,,,,,,,,,,,,,,,,,,,,,,,,,,,,,MANDG0710form conv.docx,2025-11-14T06:21:10.812040
,,,1,Tempting Lulu,63647,,,,,,,,,,,,,,,,,,,,,,,,,,,,,,,,,,,,,,,,,,,,,,,,,,,MANDG0710form conv.docx,2025-11-14T06:21:10.812040
,,,1,Hey Artie,25156,,,,,,,,,,,,,,,,,,,,,,,,,,,,,,,,,,,,,,,,,,,,,,,,,,,QLAKG0710form conv.docx,2025-11-14T06:21:10.812040
,,,1,Lady Dreamer,22211,,,,,,,,,,,,,,,,,,,,,,,,,,,,,,,,,,,,,,,,,,,,,,,,,,,QLAKG0710form conv.docx,2025-11-14T06:21:10.812040
,,,1,Stormy Mustang,32227,,,,,,,,,,,,,,,,,,,,,,,,,,,,,,,,,,,,,,,,,,,,,,,,,,,QLAKG0710form conv.docx,2025-11-14T06:21:10.812040
,,,1,Newton Hayze,12414,,,,,,,,,,,,,,,,,,,,,,,,,,,,,,,,,,,,,,,,,,,,,,,,,,,QLAKG0710form conv.docx,2025-11-14T06:21:10.812040
,,,1,Street Machine,12662,,,,,,,,,,,,,,,,,,,,,,,,,,,,,,,,,,,,,,,,,,,,,,,,,,,QLAKG0710form conv.docx,2025-11-14T06:21:10.812040
,,,1,Aussie Sands,46124,,,,,,,,,,,,,,,,,,,,,,,,,,,,,,,,,,,,,,,,,,,,,,,,,,,QLAKG0710form conv.docx,2025-11-14T06:21:10.812040
,,,1,Cheesy Easy,53644,,,,,,,,,,,,,,,,,,,,,,,,,,,,,,,,,,,,,,,,,,,,,,,,,,,QLAKG0710form conv.docx,2025-11-14T06:21:10.812040
,,,1,Fun Day,32666,,,,,,,,,,,,,,,,,,,,,,,,,,,,,,,,,,,,,,,,,,,,,,,,,,,QLAKG0710form conv.docx,2025-11-14T06:21:10.812040
,,,1,Spring Notice,43547,,,,,,,,,,,,,,,,,,,,,,,,,,,,,,,,,,,,,,,,,,,,,,,,,,,QLAKG0710form conv.docx,2025-11-14T06:21:10.812040
,,,1,Huckleberry Hugo,27848,,,,,,,,,,,,,,,,,,,,,,,,,,,,,,,,,,,,,,,,,,,,,,,,,,,QLAKG0710form conv.docx,2025-11-14T06:21:10.812040
,,,1,Ethan's Brother,21445,,,,,,,,,,,,,,,,,,,,,,,,,,,,,,,,,,,,,,,,,,,,,,,,,,,QLAKG0710form conv.docx,2025-11-14T06:21:10.812040
,,,2,Predator Gundi,55672,,,,,,,,,,,,,,,,,,,,,,,,,,,,,,,,,,,,,,,,,,,,,,,,,,,CANNG1211form conv.docx,2025-11-14T06:21:10.812040
,,,2,Berrigan Drive,45725,,,,,,,,,,,,,,,,,,,,,,,,,,,,,,,,,,,,,,,,,,,,,,,,,,,CANNG1211form conv.docx,2025-11-14T06:21:10.812040
,,,2,Aureate,32228,,,,,,,,,,,,,,,,,,,,,,,,,,,,,,,,,,,,,,,,,,,,,,,,,,,CANNG1211form conv.docx,2025-11-14T06:21:10.812040
,,,2,Wyong El Paso,74662,,,,,,,,,,,,,,,,,,,,,,,,,,,,,,,,,,,,,,,,,,,,,,,,,,,CANNG1211form conv.docx,2025-11-14T06:21:10.812040
,,,2,Lady Freya,55612,,,,,,,,,,,,,,,,,,,,,,,,,,,,,,,,,,,,,,,,,,,,,,,,,,,CANNG1211form conv.docx,2025-11-14T06:21:10.812040
,,,2,Canya Bon Bon,46666,,,,,,,,,,,,,,,,,,,,,,,,,,,,,,,,,,,,,,,,,,,,,,,,,,,CANNG1211form conv.docx,2025-11-14T06:21:10.812040
,,,2,Cyclonic Clinton,18447,,,,,,,,,,,,,,,,,,,,,,,,,,,,,,,,,,,,,,,,,,,,,,,,,,,CANNG1211form conv.docx,2025-11-14T06:21:10.812040
,,,2,Trunkey Frank,47757,,,,,,,,,,,,,,,,,,,,,,,,,,,,,,,,,,,,,,,,,,,,,,,,,,,CANNG1211form conv.docx,2025-11-14T06:21:10.812040
,,,2,Trunkey Rebel,18526,,,,,,,,,,,,,,,,,,,,,,,,,,,,,,,,,,,,,,,,,,,,,,,,,,,CANNG1211form conv.docx,2025-11-14T06:21:10.812040
,,,2,Speedy Deville,23122,,,,,,,,,,,,,,,,,,,,,,,,,,,,,,,,,,,,,,,,,,,,,,,,,,,CANNG1211form conv.docx,2025-11-14T06:21:10.812040
,,,2,Pecorino Monelli,43713,,,,,,,,,,,,,,,,,,,,,,,,,,,,,,,,,,,,,,,,,,,,,,,,,,,CANNG1211form conv.docx,2025-11-14T06:21:10.812040
,,,2,Believe In Dream,35256,,,,,,,,,,,,,,,,,,,,,,,,,,,,,,,,,,,,,,,,,,,,,,,,,,,MANDG0710form conv.docx,2025-11-14T06:21:10.812040
,,,2,South Crenshaw,65652,,,,,,,,,,,,,,,,,,,,,,,,,,,,,,,,,,,,,,,,,,,,,,,,,,,MANDG0710form conv.docx,2025-11-14T06:21:10.812040
,,,2,Princess Gemma,23221,,,,,,,,,,,,,,,,,,,,,,,,,,,,,,,,,,,,,,,,,,,,,,,,,,,MANDG0710form conv.docx,2025-11-14T06:21:10.812040
,,,2,Cash To Flames,58544,,,,,,,,,,,,,,,,,,,,,,,,,,,,,,,,,,,,,,,,,,,,,,,,,,,MANDG0710form conv.docx,2025-11-14T06:21:10.812040
,,,2,Incredible King,34716,,,,,,,,,,,,,,,,,,,,,,,,,,,,,,,,,,,,,,,,,,,,,,,,,,,MANDG0710form conv.docx,2025-11-14T06:21:10.812040
,,,2,Elite Deluxe,21111,,,,,,,,,,,,,,,,,,,,,,,,,,,,,,,,,,,,,,,,,,,,,,,,,,,MANDG0710form conv.docx,2025-11-14T06:21:10.812040
,,,2,Fearless Cobra,21614,,,,,,,,,,,,,,,,,,,,,,,,,,,,,,,,,,,,,,,,,,,,,,,,,,,MANDG0710form conv.docx,2025-11-14T06:21:10.812040
,,,2,Roxy Style,77337,,,,,,,,,,,,,,,,,,,,,,,,,,,,,,,,,,,,,,,,,,,,,,,,,,,QLAKG0710form conv.docx,2025-11-14T06:21:10.812040
,,,2,Minter Thrill,83652,,,,,,,,,,,,,,,,,,,,,,,,,,,,,,,,,,,,,,,,,,,,,,,,,,,QLAKG0710form conv.docx,2025-11-14T06:21:10.812040
,,,2,Somerset Bluey,63525,,,,,,,,,,,,,,,,,,,,,,,,,,,,,,,,,,,,,,,,,,,,,,,,,,,QLAKG0710form conv.docx,2025-11-14T06:21:10.812040
,,,2,Regal Malt,16477,,,,,,,,,,,,,,,,,,,,,,,,,,,,,,,,,,,,,,,,,,,,,,,,,,,QLAKG0710form conv.docx,2025-11-14T06:21:10.812040
,,,2,Moet Magic,13265,,,,,,,,,,,,,,,,,,,,,,,,,,,,,,,,,,,,,,,,,,,,,,,,,,,QLAKG0710form conv.docx,2025-11-14T06:21:10.812040
,,,2,Unruly Boy,11412,,,,,,,,,,,,,,,,,,,,,,,,,,,,,,,,,,,,,,,,,,,,,,,,,,,QLAKG0710form conv.docx,2025-11-14T06:21:10.812040
,,,2,Career Highlight,11161,,,,,,,,,,,,,,,,,,,,,,,,,,,,,,,,,,,,,,,,,,,,,,,,,,,QLAKG0710form conv.docx,2025-11-14T06:21:10.812040
,,,2,Somerset Jesse,57357,,,,,,,,,,,,,,,,,,,,,,,,,,,,,,,,,,,,,,,,,,,,,,,,,,,QLAKG0710form conv.docx,2025-11-14T06:21:10.812040
,,,2,Lasting Love,84768,,,,,,,,,,,,,,,,,,,,,,,,,,,,,,,,,,,,,,,,,,,,,,,,,,,QLAKG0710form conv.docx,2025-11-14T06:21:10.812040
,,,2,Mighty Uproar,14234,,,,,,,,,,,,,,,,,,,,,,,,,,,,,,,,,,,,,,,,,,,,,,,,,,,QLAKG0710form conv.docx,2025-11-14T06:21:10.812040
,,,2,Aussie Puzzle,52687,,,,,,,,,,,,,,,,,,,,,,,,,,,,,,,,,,,,,,,,,,,,,,,,,,,QLAKG0710form conv.docx,2025-11-14T06:21:10.812040
,,,3,Don't Turn,57685,,,,,,,,,,,,,,,,,,,,,,,,,,,,,,,,,,,,,,,,,,,,,,,,,,,CANNG1211form conv.docx,2025-11-14T06:21:10.812040
,,,3,Champagne Cathy,25233,,,,,,,,,,,,,,,,,,,,,,,,,,,,,,,,,,,,,,,,,,,,,,,,,,,CANNG1211form conv.docx,2025-11-14T06:21:10.812040
,,,3,On Red Alert,72363,,,,,,,,,,,,,,,,,,,,,,,,,,,,,,,,,,,,,,,,,,,,,,,,,,,CANNG1211form conv.docx,2025-11-14T06:21:10.812040
,,,3,Hunter,56464,,,,,,,,,,,,,,,,,,,,,,,,,,,,,,,,,,,,,,,,,,,,,,,,,,,CANNG1211form conv.docx,2025-11-14T06:21:10.812040
,,,3,Just A Babe,14665,,,,,,,,,,,,,,,,,,,,,,,,,,,,,,,,,,,,,,,,,,,,,,,,,,,CANNG1211form conv.docx,2025-11-14T06:21:10.812040
,,,3,Fearless Parker,78217,,,,,,,,,,,,,,,,,,,,,,,,,,,,,,,,,,,,,,,,,,,,,,,,,,,CANNG1211form conv.docx,2025-11-14T06:21:10.812040
,,,3,Reina,44852,,,,,,,,,,,,,,,,,,,,,,,,,,,,,,,,,,,,,,,,,,,,,,,,,,,CANNG1211form conv.docx,2025-11-14T06:21:10.812040
,,,3,Rapido Mystique,18512,,,,,,,,,,,,,,,,,,,,,,,,,,,,,,,,,,,,,,,,,,,,,,,,,,,CANNG1211form conv.docx,2025-11-14T06:21:10.812040
,,,3,Bruiser My Uncle,13482,,,,,,,,,,,,,,,,,,,,,,,,,,,,,,,,,,,,,,,,,,,,,,,,,,,CANNG1211form conv.docx,2025-11-14T06:21:10.812040
,,,3,Saluting Craig,64441,,,,,,,,,,,,,,,,,,,,,,,,,,,,,,,,,,,,,,,,,,,,,,,,,,,MANDG0710form conv.docx,2025-11-14T06:21:10.812040
,,,3,Viola Odorata,37474,,,,,,,,,,,,,,,,,,,,,,,,,,,,,,,,,,,,,,,,,,,,,,,,,,,MANDG0710form conv.docx,2025-11-14T06:21:10.812040
,,,3,Wave Of Fun,51513,,,,,,,,,,,,,,,,,,,,,,,,,,,,,,,,,,,,,,,,,,,,,,,,,,,MANDG0710form conv.docx,2025-11-14T06:21:10.812040
,,,3,Just A Madam,14831,,,,,,,,,,,,,,,,,,,,,,,,,,,,,,,,,,,,,,,,,,,,,,,,,,,MANDG0710form conv.docx,2025-11-14T06:21:10.812040
,,,3,Seek To Plan,57162,,,,,,,,,,,,,,,,,,,,,,,,,,,,,,,,,,,,,,,,,,,,,,,,,,,MANDG0710form conv.docx,2025-11-14T06:21:10.812040
,,,3,Another Jimmy,11121,,,,,,,,,,,,,,,,,,,,,,,,,,,,,,,,,,,,,,,,,,,,,,,,,,,MANDG0710form conv.docx,2025-11-14T06:21:10.812040
,,,3,Aeroplane Penny,44635,,,,,,,,,,,,,,,,,,,,,,,,,,,,,,,,,,,,,,,,,,,,,,,,,,,MANDG0710form conv.docx,2025-11-14T06:21:10.812040
,,,3,Nevada Tease,76537,,,,,,,,,,,,,,,,,,,,,,,,,,,,,,,,,,,,,,,,,,,,,,,,,,,MANDG0710form conv.docx,2025-11-14T06:21:10.812040
,,,3,Tilly Dreamer,32454,,,,,,,,,,,,,,,,,,,,,,,,,,,,,,,,,,,,,,,,,,,,,,,,,,,QLAKG0710form conv.docx,2025-11-14T06:21:10.812040
,,,3,Making Memories,24433,,,,,,,,,,,,,,,,,,,,,,,,,,,,,,,,,,,,,,,,,,,,,,,,,,,QLAKG0710form conv.docx,2025-11-14T06:21:10.812040
,,,3,Deal 'Em High,38354,,,,,,,,,,,,,,,,,,,,,,,,,,,,,,,,,,,,,,,,,,,,,,,,,,,QLAKG0710form conv.docx,2025-11-14T06:21:10.812040
,,,3,Billy Ablaze,62113,,,,,,,,,,,,,,,,,,,,,,,,,,,,,,,,,,,,,,,,,,,,,,,,,,,QLAKG0710form conv.docx,2025-11-14T06:21:10.812040
,,,3,Sirius Billy,66546,,,,,,,,,,,,,,,,,,,,,,,,,,,,,,,,,,,,,,,,,,,,,,,,,,,QLAKG0710form conv.docx,2025-11-14T06:21:10.812040
,,,3,Margaret's Angel,42255,,,,,,,,,,,,,,,,,,,,,,,,,,,,,,,,,,,,,,,,,,,,,,,,,,,QLAKG0710form conv.docx,2025-11-14T06:21:10.812040
,,,3,Cody's Star,25421,,,,,,,,,,,,,,,,,,,,,,,,,,,,,,,,,,,,,,,,,,,,,,,,,,,QLAKG0710form conv.docx,2025-11-14T06:21:10.812040
,,,3,Shamrock Hayze,21213,,,,,,,,,,,,,,,,,,,,,,,,,,,,,,,,,,,,,,,,,,,,,,,,,,,QLAKG0710form conv.docx,2025-11-14T06:21:10.812040
,,,3,Where's My Car,68358,,,,,,,,,,,,,,,,,,,,,,,,,,,,,,,,,,,,,,,,,,,,,,,,,,,QLAKG0710form conv.docx,2025-11-14T06:21:10.812040
,,,3,Miss Sara Jane,63422,,,,,,,,,,,,,,,,,,,,,,,,,,,,,,,,,,,,,,,,,,,,,,,,,,,QLAKG0710form conv.docx,2025-11-14T06:21:10.812040
,,,3,Sin City Secrets,11163,,,,,,,,,,,,,,,,,,,,,,,,,,,,,,,,,,,,,,,,,,,,,,,,,,,QLAKG0710form conv.docx,2025-11-14T06:21:10.812040
,,,3,Give Me Bucks,22623,,,,,,,,,,,,,,,,,,,,,,,,,,,,,,,,,,,,,,,,,,,,,,,,,,,QLAKG0710form conv.docx,2025-11-14T06:21:10.812040
,,,3,Spring Mark,18288,,,,,,,,,,,,,,,,,,,,,,,,,,,,,,,,,,,,,,,,,,,,,,,,,,,QLAKG0710form conv.docx,2025-11-14T06:21:10.812040
,,,4,Woodburn Grace,31686,,,,,,,,,,,,,,,,,,,,,,,,,,,,,,,,,,,,,,,,,,,,,,,,,,,CANNG1211form conv.docx,2025-11-14T06:21:10.812040
,,,4,Speed Cheller,53523,,,,,,,,,,,,,,,,,,,,,,,,,,,,,,,,,,,,,,,,,,,,,,,,,,,CANNG1211form conv.docx,2025-11-14T06:21:10.812040
,,,4,Rippin' Blue,65718,,,,,,,,,,,,,,,,,,,,,,,,,,,,,,,,,,,,,,,,,,,,,,,,,,,CANNG1211form conv.docx,2025-11-14T06:21:10.812040
,,,4,Ferndale Flyer,46323,,,,,,,,,,,,,,,,,,,,,,,,,,,,,,,,,,,,,,,,,,,,,,,,,,,CANNG1211form conv.docx,2025-11-14T06:21:10.812040
,,,4,Mr,48755,,,,,,,,,,,,,,,,,,,,,,,,,,,,,,,,,,,,,,,,,,,,,,,,,,,CANNG1211form conv.docx,2025-11-14T06:21:10.812040
,,,4,Judge Jebrynah,44427,,,,,,,,,,,,,,,,,,,,,,,,,,,,,,,,,,,,,,,,,,,,,,,,,,,CANNG1211form conv.docx,2025-11-14T06:21:10.812040
,,,4,Infrared Gem,44451,,,,,,,,,,,,,,,,,,,,,,,,,,,,,,,,,,,,,,,,,,,,,,,,,,,CANNG1211form conv.docx,2025-11-14T06:21:10.812040
,,,4,Daikoku Flyer,15143,,,,,,,,,,,,,,,,,,,,,,,,,,,,,,,,,,,,,,,,,,,,,,,,,,,CANNG1211form conv.docx,2025-11-14T06:21:10.812040
,,,4,Cake In Tummy,31162,,,,,,,,,,,,,,,,,,,,,,,,,,,,,,,,,,,,,,,,,,,,,,,,,,,CANNG1211form conv.docx,2025-11-14T06:21:10.812040
,,,4,Milwaukee Mates,78458,,,,,,,,,,,,,,,,,,,,,,,,,,,,,,,,,,,,,,,,,,,,,,,,,,,MANDG0710form conv.docx,2025-11-14T06:21:10.812040
,,,4,Glowing Ember,15787,,,,,,,,,,,,,,,,,,,,,,,,,,,,,,,,,,,,,,,,,,,,,,,,,,,MANDG0710form conv.docx,2025-11-14T06:21:10.812040
,,,4,Return To Work,47455,,,,,,,,,,,,,,,,,,,,,,,,,,,,,,,,,,,,,,,,,,,,,,,,,,,MANDG0710form conv.docx,2025-11-14T06:21:10.812040
,,,4,Sunset Berserk,63336,,,,,,,,,,,,,,,,,,,,,,,,,,,,,,,,,,,,,,,,,,,,,,,,,,,MANDG0710form conv.docx,2025-11-14T06:21:10.812040
,,,4,Red Brook,41523,,,,,,,,,,,,,,,,,,,,,,,,,,,,,,,,,,,,,,,,,,,,,,,,,,,MANDG0710form conv.docx,2025-11-14T06:21:10.812040
,,,4,Wild Milly,64237,,,,,,,,,,,,,,,,,,,,,,,,,,,,,,,,,,,,,,,,,,,,,,,,,,,MANDG0710form conv.docx,2025-11-14T06:21:10.812040
,,,4,Buddy's Mate,14266,,,,,,,,,,,,,,,,,,,,,,,,,,,,,,,,,,,,,,,,,,,,,,,,,,,MANDG0710form conv.docx,2025-11-14T06:21:10.812040
,,,4,Stroll Fun,58274,,,,,,,,,,,,,,,,,,,,,,,,,,,,,,,,,,,,,,,,,,,,,,,,,,,MANDG0710form conv.docx,2025-11-14T06:21:10.812040
,,,4,Hara's Ebony,76346,,,,,,,,,,,,,,,,,,,,,,,,,,,,,,,,,,,,,,,,,,,,,,,,,,,QLAKG0710form conv.docx,2025-11-14T06:21:10.812040
,,,4,Penny Calido,25112,,,,,,,,,,,,,,,,,,,,,,,,,,,,,,,,,,,,,,,,,,,,,,,,,,,QLAKG0710form conv.docx,2025-11-14T06:21:10.812040
,,,4,Missy Moo Moo,47773,,,,,,,,,,,,,,,,,,,,,,,,,,,,,,,,,,,,,,,,,,,,,,,,,,,QLAKG0710form conv.docx,2025-11-14T06:21:10.812040
,,,4,My Snap,25735,,,,,,,,,,,,,,,,,,,,,,,,,,,,,,,,,,,,,,,,,,,,,,,,,,,QLAKG0710form conv.docx,2025-11-14T06:21:10.812040
,,,4,Professor Starr,73111,,,,,,,,,,,,,,,,,,,,,,,,,,,,,,,,,,,,,,,,,,,,,,,,,,,QLAKG0710form conv.docx,2025-11-14T06:21:10.812040
,,,4,Goldstar Jasper,13157,,,,,,,,,,,,,,,,,,,,,,,,,,,,,,,,,,,,,,,,,,,,,,,,,,,QLAKG0710form conv.docx,2025-11-14T06:21:10.812040
,,,4,Queen Lily,45353,,,,,,,,,,,,,,,,,,,,,,,,,,,,,,,,,,,,,,,,,,,,,,,,,,,QLAKG0710form conv.docx,2025-11-14T06:21:10.812040
,,,4,Winnie Rumble,14225,,,,,,,,,,,,,,,,,,,,,,,,,,,,,,,,,,,,,,,,,,,,,,,,,,,QLAKG0710form conv.docx,2025-11-14T06:21:10.812040
,,,4,Perfect Score,57786,,,,,,,,,,,,,,,,,,,,,,,,,,,,,,,,,,,,,,,,,,,,,,,,,,,QLAKG0710form conv.docx,2025-11-14T06:21:10.812040
,,,4,Hara's Trevor,22158,,,,,,,,,,,,,,,,,,,,,,,,,,,,,,,,,,,,,,,,,,,,,,,,,,,QLAKG0710form conv.docx,2025-11-14T06:21:10.812040
,,,4,Maximus Malt,52325,,,,,,,,,,,,,,,,,,,,,,,,,,,,,,,,,,,,,,,,,,,,,,,,,,,QLAKG0710form conv.docx,2025-11-14T06:21:10.812040
,,,5,Poppy Tahleia,75587,,,,,,,,,,,,,,,,,,,,,,,,,,,,,,,,,,,,,,,,,,,,,,,,,,,CANNG1211form conv.docx,2025-11-14T06:21:10.812040
,,,5,Crocodile Crawl,54868,,,,,,,,,,,,,,,,,,,,,,,,,,,,,,,,,,,,,,,,,,,,,,,,,,,CANNG1211form conv.docx,2025-11-14T06:21:10.812040
,,,5,Just A Princess,55242,,,,,,,,,,,,,,,,,,,,,,,,,,,,,,,,,,,,,,,,,,,,,,,,,,,CANNG1211form conv.docx,2025-11-14T06:21:10.812040
,,,5,My Moet,26332,,,,,,,,,,,,,,,,,,,,,,,,,,,,,,,,,,,,,,,,,,,,,,,,,,,CANNG1211form conv.docx,2025-11-14T06:21:10.812040
,,,5,Aston Florin,13488,,,,,,,,,,,,,,,,,,,,,,,,,,,,,,,,,,,,,,,,,,,,,,,,,,,CANNG1211form conv.docx,2025-11-14T06:21:10.812040
,,,5,Pride And Power,13856,,,,,,,,,,,,,,,,,,,,,,,,,,,,,,,,,,,,,,,,,,,,,,,,,,,CANNG1211form conv.docx,2025-11-14T06:21:10.812040
,,,5,Outside The Fire,43823,,,,,,,,,,,,,,,,,,,,,,,,,,,,,,,,,,,,,,,,,,,,,,,,,,,CANNG1211form conv.docx,2025-11-14T06:21:10.812040
,,,5,Paid In Full,24216,,,,,,,,,,,,,,,,,,,,,,,,,,,,,,,,,,,,,,,,,,,,,,,,,,,CANNG1211form conv.docx,2025-11-14T06:21:10.812040
,,,5,Invested,22147,,,,,,,,,,,,,,,,,,,,,,,,,,,,,,,,,,,,,,,,,,,,,,,,,,,CANNG1211form conv.docx,2025-11-14T06:21:10.812040
,,,5,Yunderup Tammy,48632,,,,,,,,,,,,,,,,,,,,,,,,,,,,,,,,,,,,,,,,,,,,,,,,,,,MANDG0710form conv.docx,2025-11-14T06:21:10.812040
,,,5,Tricep King,65476,,,,,,,,,,,,,,,,,,,,,,,,,,,,,,,,,,,,,,,,,,,,,,,,,,,MANDG0710form conv.docx,2025-11-14T06:21:10.812040
,,,5,Paradise Flyer,87666,,,,,,,,,,,,,,,,,,,,,,,,,,,,,,,,,,,,,,,,,,,,,,,,,,,MANDG0710form conv.docx,2025-11-14T06:21:10.812040
,,,5,City Of Love,21825,,,,,,,,,,,,,,,,,,,,,,,,,,,,,,,,,,,,,,,,,,,,,,,,,,,MANDG0710form conv.docx,2025-11-14T06:21:10.812040
,,,5,Aussie Skye,72147,,,,,,,,,,,,,,,,,,,,,,,,,,,,,,,,,,,,,,,,,,,,,,,,,,,MANDG0710form conv.docx,2025-11-14T06:21:10.812040
,,,5,West On Gnocchi,74837,,,,,,,,,,,,,,,,,,,,,,,,,,,,,,,,,,,,,,,,,,,,,,,,,,,MANDG0710form conv.docx,2025-11-14T06:21:10.812040
,,,5,Impress Rocks,16642,,,,,,,,,,,,,,,,,,,,,,,,,,,,,,,,,,,,,,,,,,,,,,,,,,,MANDG0710form conv.docx,2025-11-14T06:21:10.812040
,,,5,Harmony Rhythm,27688,,,,,,,,,,,,,,,,,,,,,,,,,,,,,,,,,,,,,,,,,,,,,,,,,,,MANDG0710form conv.docx,2025-11-14T06:21:10.812040
,,,5,Rapido Pronto,25656,,,,,,,,,,,,,,,,,,,,,,,,,,,,,,,,,,,,,,,,,,,,,,,,,,,MANDG0710form conv.docx,2025-11-14T06:21:10.812040
,,,5,Bugatti Minx,25271,,,,,,,,,,,,,,,,,,,,,,,,,,,,,,,,,,,,,,,,,,,,,,,,,,,QLAKG0710form conv.docx,2025-11-14T06:21:10.812040
,,,5,Goldstar Foster,52353,,,,,,,,,,,,,,,,,,,,,,,,,,,,,,,,,,,,,,,,,,,,,,,,,,,QLAKG0710form conv.docx,2025-11-14T06:21:10.812040
,,,5,Warrego Rain,44224,,,,,,,,,,,,,,,,,,,,,,,,,,,,,,,,,,,,,,,,,,,,,,,,,,,QLAKG0710form conv.docx,2025-11-14T06:21:10.812040
,,,5,Always The Sun,21115,,,,,,,,,,,,,,,,,,,,,,,,,,,,,,,,,,,,,,,,,,,,,,,,,,,QLAKG0710form conv.docx,2025-11-14T06:21:10.812040
,,,5,Holly's Bear,17162,,,,,,,,,,,,,,,,,,,,,,,,,,,,,,,,,,,,,,,,,,,,,,,,,,,QLAKG0710form conv.docx,2025-11-14T06:21:10.812040
,,,5,Infra Terra,53122,,,,,,,,,,,,,,,,,,,,,,,,,,,,,,,,,,,,,,,,,,,,,,,,,,,QLAKG0710form conv.docx,2025-11-14T06:21:10.812040
,,,5,Jimary Promise,25333,,,,,,,,,,,,,,,,,,,,,,,,,,,,,,,,,,,,,,,,,,,,,,,,,,,QLAKG0710form conv.docx,2025-11-14T06:21:10.812040
,,,5,Goodness Baby,48657,,,,,,,,,,,,,,,,,,,,,,,,,,,,,,,,,,,,,,,,,,,,,,,,,,,QLAKG0710form conv.docx,2025-11-14T06:21:10.812040
,,,5,Spring Flick,11135,,,,,,,,,,,,,,,,,,,,,,,,,,,,,,,,,,,,,,,,,,,,,,,,,,,QLAKG0710form conv.docx,2025-11-14T06:21:10.812040
,,,5,Smoke Zone,46457,,,,,,,,,,,,,,,,,,,,,,,,,,,,,,,,,,,,,,,,,,,,,,,,,,,QLAKG0710form conv.docx,2025-11-14T06:21:10.812040
,,,6,Golden Handcuffs,66574,,,,,,,,,,,,,,,,,,,,,,,,,,,,,,,,,,,,,,,,,,,,,,,,,,,CANNG1211form conv.docx,2025-11-14T06:21:10.812040
,,,6,Elite Arnott,71856,,,,,,,,,,,,,,,,,,,,,,,,,,,,,,,,,,,,,,,,,,,,,,,,,,,CANNG1211form conv.docx,2025-11-14T06:21:10.812040
,,,6,West On Burnie,65426,,,,,,,,,,,,,,,,,,,,,,,,,,,,,,,,,,,,,,,,,,,,,,,,,,,CANNG1211form conv.docx,2025-11-14T06:21:10.812040
,,,6,Hello Bailey,57155,,,,,,,,,,,,,,,,,,,,,,,,,,,,,,,,,,,,,,,,,,,,,,,,,,,CANNG1211form conv.docx,2025-11-14T06:21:10.812040
,,,6,Pure Love,56524,,,,,,,,,,,,,,,,,,,,,,,,,,,,,,,,,,,,,,,,,,,,,,,,,,,CANNG1211form conv.docx,2025-11-14T06:21:10.812040
,,,6,Found The Brake,23178,,,,,,,,,,,,,,,,,,,,,,,,,,,,,,,,,,,,,,,,,,,,,,,,,,,CANNG1211form conv.docx,2025-11-14T06:21:10.812040
,,,6,Armed For Action,67662,,,,,,,,,,,,,,,,,,,,,,,,,,,,,,,,,,,,,,,,,,,,,,,,,,,CANNG1211form conv.docx,2025-11-14T06:21:10.812040
,,,6,Two Broke Mates,55447,,,,,,,,,,,,,,,,,,,,,,,,,,,,,,,,,,,,,,,,,,,,,,,,,,,MANDG0710form conv.docx,2025-11-14T06:21:10.812040
,,,6,Junk Yard Jeff,42313,,,,,,,,,,,,,,,,,,,,,,,,,,,,,,,,,,,,,,,,,,,,,,,,,,,MANDG0710form conv.docx,2025-11-14T06:21:10.812040
,,,6,Penny Pincher,35631,,,,,,,,,,,,,,,,,,,,,,,,,,,,,,,,,,,,,,,,,,,,,,,,,,,MANDG0710form conv.docx,2025-11-14T06:21:10.812040
,,,6,Incredible Lord,63145,,,,,,,,,,,,,,,,,,,,,,,,,,,,,,,,,,,,,,,,,,,,,,,,,,,MANDG0710form conv.docx,2025-11-14T06:21:10.812040
,,,6,Magic Entry,71317,,,,,,,,,,,,,,,,,,,,,,,,,,,,,,,,,,,,,,,,,,,,,,,,,,,MANDG0710form conv.docx,2025-11-14T06:21:10.812040
,,,6,Go Gettem Tilly,78162,,,,,,,,,,,,,,,,,,,,,,,,,,,,,,,,,,,,,,,,,,,,,,,,,,,MANDG0710form conv.docx,2025-11-14T06:21:10.812040
,,,6,Morphin Grid,78572,,,,,,,,,,,,,,,,,,,,,,,,,,,,,,,,,,,,,,,,,,,,,,,,,,,MANDG0710form conv.docx,2025-11-14T06:21:10.812040
,,,6,Security Spot,41146,,,,,,,,,,,,,,,,,,,,,,,,,,,,,,,,,,,,,,,,,,,,,,,,,,,MANDG0710form conv.docx,2025-11-14T06:21:10.812040
,,,6,Rio Ragnar,34523,,,,,,,,,,,,,,,,,,,,,,,,,,,,,,,,,,,,,,,,,,,,,,,,,,,QLAKG0710form conv.docx,2025-11-14T06:21:10.812040
,,,6,Birds The Word,77187,,,,,,,,,,,,,,,,,,,,,,,,,,,,,,,,,,,,,,,,,,,,,,,,,,,QLAKG0710form conv.docx,2025-11-14T06:21:10.812040
,,,6,Brabazon,47666,,,,,,,,,,,,,,,,,,,,,,,,,,,,,,,,,,,,,,,,,,,,,,,,,,,QLAKG0710form conv.docx,2025-11-14T06:21:10.812040
,,,6,Mondo Cortez,34432,,,,,,,,,,,,,,,,,,,,,,,,,,,,,,,,,,,,,,,,,,,,,,,,,,,QLAKG0710form conv.docx,2025-11-14T06:21:10.812040
,,,6,Canya Nuclear,11251,,,,,,,,,,,,,,,,,,,,,,,,,,,,,,,,,,,,,,,,,,,,,,,,,,,QLAKG0710form conv.docx,2025-11-14T06:21:10.812040
,,,6,Turbo Tully,26562,,,,,,,,,,,,,,,,,,,,,,,,,,,,,,,,,,,,,,,,,,,,,,,,,,,QLAKG0710form conv.docx,2025-11-14T06:21:10.812040
,,,6,Spring Fern,58383,,,,,,,,,,,,,,,,,,,,,,,,,,,,,,,,,,,,,,,,,,,,,,,,,,,QLAKG0710form conv.docx,2025-11-14T06:21:10.812040
,,,6,Wings Of Fury,63641,,,,,,,,,,,,,,,,,,,,,,,,,,,,,,,,,,,,,,,,,,,,,,,,,,,QLAKG0710form conv.docx,2025-11-14T06:21:10.812040
,,,6,Aussie Zip,43515,,,,,,,,,,,,,,,,,,,,,,,,,,,,,,,,,,,,,,,,,,,,,,,,,,,QLAKG0710form conv.docx,2025-11-14T06:21:10.812040
,,,7,Tiny Twist,85674,,,,,,,,,,,,,,,,,,,,,,,,,,,,,,,,,,,,,,,,,,,,,,,,,,,CANNG1211form conv.docx,2025-11-14T06:21:10.812040
,,,7,Rippin' Pike,18834,,,,,,,,,,,,,,,,,,,,,,,,,,,,,,,,,,,,,,,,,,,,,,,,,,,CANNG1211form conv.docx,2025-11-14T06:21:10.812040
,,,7,Rapido Warrior,72763,,,,,,,,,,,,,,,,,,,,,,,,,,,,,,,,,,,,,,,,,,,,,,,,,,,CANNG1211form conv.docx,2025-11-14T06:21:10.812040
,,,7,Reggae Melody,83773,,,,,,,,,,,,,,,,,,,,,,,,,,,,,,,,,,,,,,,,,,,,,,,,,,,CANNG1211form conv.docx,2025-11-14T06:21:10.812040
,,,7,Jana Blade,26367,,,,,,,,,,,,,,,,,,,,,,,,,,,,,,,,,,,,,,,,,,,,,,,,,,,CANNG1211form conv.docx,2025-11-14T06:21:10.812040
,,,7,Cheddar Monelli,61322,,,,,,,,,,,,,,,,,,,,,,,,,,,,,,,,,,,,,,,,,,,,,,,,,,,CANNG1211form conv.docx,2025-11-14T06:21:10.812040
,,,7,Rippin' Pedro,47721,,,,,,,,,,,,,,,,,,,,,,,,,,,,,,,,,,,,,,,,,,,,,,,,,,,CANNG1211form conv.docx,2025-11-14T06:21:10.812040
,,,7,Not Much Kuna,25454,,,,,,,,,,,,,,,,,,,,,,,,,,,,,,,,,,,,,,,,,,,,,,,,,,,CANNG1211form conv.docx,2025-11-14T06:21:10.812040
,,,7,West On Ricky,76225,,,,,,,,,,,,,,,,,,,,,,,,,,,,,,,,,,,,,,,,,,,,,,,,,,,MANDG0710form conv.docx,2025-11-14T06:21:10.812040
,,,7,Spare Me,87758,,,,,,,,,,,,,,,,,,,,,,,,,,,,,,,,,,,,,,,,,,,,,,,,,,,MANDG0710form conv.docx,2025-11-14T06:21:10.812040
,,,7,Finau,32742,,,,,,,,,,,,,,,,,,,,,,,,,,,,,,,,,,,,,,,,,,,,,,,,,,,MANDG0710form conv.docx,2025-11-14T06:21:10.812040
,,,7,Born To Party,76874,,,,,,,,,,,,,,,,,,,,,,,,,,,,,,,,,,,,,,,,,,,,,,,,,,,MANDG0710form conv.docx,2025-11-14T06:21:10.812040
,,,7,Formula Fun,32247,,,,,,,,,,,,,,,,,,,,,,,,,,,,,,,,,,,,,,,,,,,,,,,,,,,MANDG0710form conv.docx,2025-11-14T06:21:10.812040
,,,7,Breakout Boy,33362,,,,,,,,,,,,,,,,,,,,,,,,,,,,,,,,,,,,,,,,,,,,,,,,,,,MANDG0710form conv.docx,2025-11-14T06:21:10.812040
,,,7,Jet Worth,37157,,,,,,,,,,,,,,,,,,,,,,,,,,,,,,,,,,,,,,,,,,,,,,,,,,,MANDG0710form conv.docx,2025-11-14T06:21:10.812040
,,,7,Rapido Mystique,85185,,,,,,,,,,,,,,,,,,,,,,,,,,,,,,,,,,,,,,,,,,,,,,,,,,,MANDG0710form conv.docx,2025-11-14T06:21:10.812040
,,,7,Mr,44242,,,,,,,,,,,,,,,,,,,,,,,,,,,,,,,,,,,,,,,,,,,,,,,,,,,QLAKG0710form conv.docx,2025-11-14T06:21:10.812040
,,,7,Our Girl Franky,54453,,,,,,,,,,,,,,,,,,,,,,,,,,,,,,,,,,,,,,,,,,,,,,,,,,,QLAKG0710form conv.docx,2025-11-14T06:21:10.812040
,,,7,Tiger Rocks,26741,,,,,,,,,,,,,,,,,,,,,,,,,,,,,,,,,,,,,,,,,,,,,,,,,,,QLAKG0710form conv.docx,2025-11-14T06:21:10.812040
,,,7,Pop's Maestro,15131,,,,,,,,,,,,,,,,,,,,,,,,,,,,,,,,,,,,,,,,,,,,,,,,,,,QLAKG0710form conv.docx,2025-11-14T06:21:10.812040
,,,7,Raffa,63311,,,,,,,,,,,,,,,,,,,,,,,,,,,,,,,,,,,,,,,,,,,,,,,,,,,QLAKG0710form conv.docx,2025-11-14T06:21:10.812040
,,,7,Oxidisation,11121,,,,,,,,,,,,,,,,,,,,,,,,,,,,,,,,,,,,,,,,,,,,,,,,,,,QLAKG0710form conv.docx,2025-11-14T06:21:10.812040
,,,7,Red Sun,63548,,,,,,,,,,,,,,,,,,,,,,,,,,,,,,,,,,,,,,,,,,,,,,,,,,,QLAKG0710form conv.docx,2025-11-14T06:21:10.812040
,,,7,Lightning Reece,76735,,,,,,,,,,,,,,,,,,,,,,,,,,,,,,,,,,,,,,,,,,,,,,,,,,,QLAKG0710form conv.docx,2025-11-14T06:21:10.812040
,,,7,Hara's Tim Tam,53261,,,,,,,,,,,,,,,,,,,,,,,,,,,,,,,,,,,,,,,,,,,,,,,,,,,QLAKG0710form conv.docx,2025-11-14T06:21:10.812040
,,,8,Tempting Lulu,36473,,,,,,,,,,,,,,,,,,,,,,,,,,,,,,,,,,,,,,,,,,,,,,,,,,,CANNG1211form conv.docx,2025-11-14T06:21:10.812040
,,,8,Smile Time,62642,,,,,,,,,,,,,,,,,,,,,,,,,,,,,,,,,,,,,,,,,,,,,,,,,,,CANNG1211form conv.docx,2025-11-14T06:21:10.812040
,,,8,Milky Bar Kid,55723,,,,,,,,,,,,,,,,,,,,,,,,,,,,,,,,,,,,,,,,,,,,,,,,,,,CANNG1211form conv.docx,2025-11-14T06:21:10.812040
,,,8,Merl's Lad,25731,,,,,,,,,,,,,,,,,,,,,,,,,,,,,,,,,,,,,,,,,,,,,,,,,,,CANNG1211form conv.docx,2025-11-14T06:21:10.812040
,,,8,Sunset Amanda,64484,,,,,,,,,,,,,,,,,,,,,,,,,,,,,,,,,,,,,,,,,,,,,,,,,,,CANNG1211form conv.docx,2025-11-14T06:21:10.812040
,,,8,Fearless Cobra,52243,,,,,,,,,,,,,,,,,,,,,,,,,,,,,,,,,,,,,,,,,,,,,,,,,,,CANNG1211form conv.docx,2025-11-14T06:21:10.812040
,,,8,Vivid Love,38627,,,,,,,,,,,,,,,,,,,,,,,,,,,,,,,,,,,,,,,,,,,,,,,,,,,CANNG1211form conv.docx,2025-11-14T06:21:10.812040
,,,8,Rapido Pronto,64441,,,,,,,,,,,,,,,,,,,,,,,,,,,,,,,,,,,,,,,,,,,,,,,,,,,CANNG1211form conv.docx,2025-11-14T06:21:10.812040
,,,8,Doreen Keeping,43377,,,,,,,,,,,,,,,,,,,,,,,,,,,,,,,,,,,,,,,,,,,,,,,,,,,CANNG1211form conv.docx,2025-11-14T06:21:10.812040
,,,8,So Pretty,67625,,,,,,,,,,,,,,,,,,,,,,,,,,,,,,,,,,,,,,,,,,,,,,,,,,,MANDG0710form conv.docx,2025-11-14T06:21:10.812040
,,,8,Pickling Pete,85474,,,,,,,,,,,,,,,,,,,,,,,,,,,,,,,,,,,,,,,,,,,,,,,,,,,MANDG0710form conv.docx,2025-11-14T06:21:10.812040
,,,8,Leo's Magic,26654,,,,,,,,,,,,,,,,,,,,,,,,,,,,,,,,,,,,,,,,,,,,,,,,,,,MANDG0710form conv.docx,2025-11-14T06:21:10.812040
,,,8,King Koopa,48656,,,,,,,,,,,,,,,,,,,,,,,,,,,,,,,,,,,,,,,,,,,,,,,,,,,MANDG0710form conv.docx,2025-11-14T06:21:10.812040
,,,8,Emerging,16837,,,,,,,,,,,,,,,,,,,,,,,,,,,,,,,,,,,,,,,,,,,,,,,,,,,MANDG0710form conv.docx,2025-11-14T06:21:10.812040
,,,8,Szyslak,73412,,,,,,,,,,,,,,,,,,,,,,,,,,,,,,,,,,,,,,,,,,,,,,,,,,,MANDG0710form conv.docx,2025-11-14T06:21:10.812040
,,,8,West On Ariel,35752,,,,,,,,,,,,,,,,,,,,,,,,,,,,,,,,,,,,,,,,,,,,,,,,,,,MANDG0710form conv.docx,2025-11-14T06:21:10.812040
,,,8,Go Gettem Scooby,21351,,,,,,,,,,,,,,,,,,,,,,,,,,,,,,,,,,,,,,,,,,,,,,,,,,,MANDG0710form conv.docx,2025-11-14T06:21:10.812040
,,,8,Silly Old Bear,65365,,,,,,,,,,,,,,,,,,,,,,,,,,,,,,,,,,,,,,,,,,,,,,,,,,,MANDG0710form conv.docx,2025-11-14T06:21:10.812040
,,,8,Geordie Lad,17123,,,,,,,,,,,,,,,,,,,,,,,,,,,,,,,,,,,,,,,,,,,,,,,,,,,MANDG0710form conv.docx,2025-11-14T06:21:10.812040
,,,8,Flaming Inferno,42721,,,,,,,,,,,,,,,,,,,,,,,,,,,,,,,,,,,,,,,,,,,,,,,,,,,QLAKG0710form conv.docx,2025-11-14T06:21:10.812040
,,,8,Sugar Baby,84525,,,,,,,,,,,,,,,,,,,,,,,,,,,,,,,,,,,,,,,,,,,,,,,,,,,QLAKG0710form conv.docx,2025-11-14T06:21:10.812040
,,,8,Roof Rattler,31673,,,,,,,,,,,,,,,,,,,,,,,,,,,,,,,,,,,,,,,,,,,,,,,,,,,QLAKG0710form conv.docx,2025-11-14T06:21:10.812040
,,,8,Black On Gold,76746,,,,,,,,,,,,,,,,,,,,,,,,,,,,,,,,,,,,,,,,,,,,,,,,,,,QLAKG0710form conv.docx,2025-11-14T06:21:10.812040
,,,8,Rockabye Baby,31141,,,,,,,,,,,,,,,,,,,,,,,,,,,,,,,,,,,,,,,,,,,,,,,,,,,QLAKG0710form conv.docx,2025-11-14T06:21:10.812040
,,,8,Hocking,17568,,,,,,,,,,,,,,,,,,,,,,,,,,,,,,,,,,,,,,,,,,,,,,,,,,,QLAKG0710form conv.docx,2025-11-14T06:21:10.812040
,,,8,Hara's Suzuki,41526,,,,,,,,,,,,,,,,,,,,,,,,,,,,,,,,,,,,,,,,,,,,,,,,,,,QLAKG0710form conv.docx,2025-11-14T06:21:10.812040
,,,8,Hara's Neo,21142,,,,,,,,,,,,,,,,,,,,,,,,,,,,,,,,,,,,,,,,,,,,,,,,,,,QLAKG0710form conv.docx,2025-11-14T06:21:10.812040
,,,8,Nacho Ninja,78575,,,,,,,,,,,,,,,,,,,,,,,,,,,,,,,,,,,,,,,,,,,,,,,,,,,QLAKG0710form conv.docx,2025-11-14T06:21:10.812040
,,,8,Flyaway Jack,14333,,,,,,,,,,,,,,,,,,,,,,,,,,,,,,,,,,,,,,,,,,,,,,,,,,,QLAKG0710form conv.docx,2025-11-14T06:21:10.812040
,,,9,Wizard's Nero,55865,,,,,,,,,,,,,,,,,,,,,,,,,,,,,,,,,,,,,,,,,,,,,,,,,,,CANNG1211form conv.docx,2025-11-14T06:21:10.812040
,,,9,Naughty Evie,43724,,,,,,,,,,,,,,,,,,,,,,,,,,,,,,,,,,,,,,,,,,,,,,,,,,,CANNG1211form conv.docx,2025-11-14T06:21:10.812040
,,,9,Rockin' Kinloch,54861,,,,,,,,,,,,,,,,,,,,,,,,,,,,,,,,,,,,,,,,,,,,,,,,,,,CANNG1211form conv.docx,2025-11-14T06:21:10.812040
,,,9,City Of Love,25142,,,,,,,,,,,,,,,,,,,,,,,,,,,,,,,,,,,,,,,,,,,,,,,,,,,CANNG1211form conv.docx,2025-11-14T06:21:10.812040
,,,9,Must Be Speedy,32161,,,,,,,,,,,,,,,,,,,,,,,,,,,,,,,,,,,,,,,,,,,,,,,,,,,CANNG1211form conv.docx,2025-11-14T06:21:10.812040
,,,9,Fidel Pronto,57435,,,,,,,,,,,,,,,,,,,,,,,,,,,,,,,,,,,,,,,,,,,,,,,,,,,CANNG1211form conv.docx,2025-11-14T06:21:10.812040
,,,9,Shinboner Pixie,13224,,,,,,,,,,,,,,,,,,,,,,,,,,,,,,,,,,,,,,,,,,,,,,,,,,,CANNG1211form conv.docx,2025-11-14T06:21:10.812040
,,,9,Pearly Two,62878,,,,,,,,,,,,,,,,,,,,,,,,,,,,,,,,,,,,,,,,,,,,,,,,,,,MANDG0710form conv.docx,2025-11-14T06:21:10.812040
,,,9,Yunderup Tiger,47357,,,,,,,,,,,,,,,,,,,,,,,,,,,,,,,,,,,,,,,,,,,,,,,,,,,MANDG0710form conv.docx,2025-11-14T06:21:10.812040
,,,9,Go Gettem Whoopi,36512,,,,,,,,,,,,,,,,,,,,,,,,,,,,,,,,,,,,,,,,,,,,,,,,,,,MANDG0710form conv.docx,2025-11-14T06:21:10.812040
,,,9,Sunset Owlet,73664,,,,,,,,,,,,,,,,,,,,,,,,,,,,,,,,,,,,,,,,,,,,,,,,,,,MANDG0710form conv.docx,2025-11-14T06:21:10.812040
,,,9,Luxio Wave,74765,,,,,,,,,,,,,,,,,,,,,,,,,,,,,,,,,,,,,,,,,,,,,,,,,,,MANDG0710form conv.docx,2025-11-14T06:21:10.812040
,,,9,Maggie's Song,64425,,,,,,,,,,,,,,,,,,,,,,,,,,,,,,,,,,,,,,,,,,,,,,,,,,,QLAKG0710form conv.docx,2025-11-14T06:21:10.812040
,,,9,Tibetan Belle,25153,,,,,,,,,,,,,,,,,,,,,,,,,,,,,,,,,,,,,,,,,,,,,,,,,,,QLAKG0710form conv.docx,2025-11-14T06:21:10.812040
,,,9,Bombastic Lola,25243,,,,,,,,,,,,,,,,,,,,,,,,,,,,,,,,,,,,,,,,,,,,,,,,,,,QLAKG0710form conv.docx,2025-11-14T06:21:10.812040
,,,9,Vampire Money,64565,,,,,,,,,,,,,,,,,,,,,,,,,,,,,,,,,,,,,,,,,,,,,,,,,,,QLAKG0710form conv.docx,2025-11-14T06:21:10.812040
,,,9,Goldstar George,14538,,,,,,,,,,,,,,,,,,,,,,,,,,,,,,,,,,,,,,,,,,,,,,,,,,,QLAKG0710form conv.docx,2025-11-14T06:21:10.812040
,,,9,Lady Violetta,86686,,,,,,,,,,,,,,,,,,,,,,,,,,,,,,,,,,,,,,,,,,,,,,,,,,,QLAKG0710form conv.docx,2025-11-14T06:21:10.812040
,,,9,She Reacts,66336,,,,,,,,,,,,,,,,,,,,,,,,,,,,,,,,,,,,,,,,,,,,,,,,,,,QLAKG0710form conv.docx,2025-11-14T06:21:10.812040
,,,9,Hara's Neo,21142,,,,,,,,,,,,,,,,,,,,,,,,,,,,,,,,,,,,,,,,,,,,,,,,,,,QLAKG0710form conv.docx,2025-11-14T06:21:10.812040
,,,9,Shian Freya,52588,,,,,,,,,,,,,,,,,,,,,,,,,,,,,,,,,,,,,,,,,,,,,,,,,,,QLAKG0710form conv.docx,2025-11-14T06:21:10.812040
,,,9,Annie's Gift,57667,,,,,,,,,,,,,,,,,,,,,,,,,,,,,,,,,,,,,,,,,,,,,,,,,,,QLAKG0710form conv.docx,2025-11-14T06:21:10.812040
,,,10,Pop's Angel,78588,,,,,,,,,,,,,,,,,,,,,,,,,,,,,,,,,,,,,,,,,,,,,,,,,,,CANNG1211form conv.docx,2025-11-14T06:21:10.812040
,,,10,Naughty Evie,43724,,,,,,,,,,,,,,,,,,,,,,,,,,,,,,,,,,,,,,,,,,,,,,,,,,,CANNG1211form conv.docx,2025-11-14T06:21:10.812040
,,,10,Makutz,63185,,,,,,,,,,,,,,,,,,,,,,,,,,,,,,,,,,,,,,,,,,,,,,,,,,,CANNG1211form conv.docx,2025-11-14T06:21:10.812040
,,,10,Chamberlain,65665,,,,,,,,,,,,,,,,,,,,,,,,,,,,,,,,,,,,,,,,,,,,,,,,,,,CANNG1211form conv.docx,2025-11-14T06:21:10.812040
,,,10,Biscotti Blast,64885,,,,,,,,,,,,,,,,,,,,,,,,,,,,,,,,,,,,,,,,,,,,,,,,,,,CANNG1211form conv.docx,2025-11-14T06:21:10.812040
,,,10,Concord Gundi,62347,,,,,,,,,,,,,,,,,,,,,,,,,,,,,,,,,,,,,,,,,,,,,,,,,,,CANNG1211form conv.docx,2025-11-14T06:21:10.812040
,,,10,West On Halo,51355,,,,,,,,,,,,,,,,,,,,,,,,,,,,,,,,,,,,,,,,,,,,,,,,,,,CANNG1211form conv.docx,2025-11-14T06:21:10.812040
,,,10,Lift Me Up,74546,,,,,,,,,,,,,,,,,,,,,,,,,,,,,,,,,,,,,,,,,,,,,,,,,,,MANDG0710form conv.docx,2025-11-14T06:21:10.812040
,,,10,Sassy Deluxe,17546,,,,,,,,,,,,,,,,,,,,,,,,,,,,,,,,,,,,,,,,,,,,,,,,,,,MANDG0710form conv.docx,2025-11-14T06:21:10.812040
,,,10,Goldstar George,14538,,,,,,,,,,,,,,,,,,,,,,,,,,,,,,,,,,,,,,,,,,,,,,,,,,,QLAKG0710form conv.docx,2025-11-14T06:21:10.812040
,,,10,Conduction,75388,,,,,,,,,,,,,,,,,,,,,,,,,,,,,,,,,,,,,,,,,,,,,,,,,,,QLAKG0710form conv.docx,2025-11-14T06:21:10.812040
,,,10,Blue Smartie,42566,,,,,,,,,,,,,,,,,,,,,,,,,,,,,,,,,,,,,,,,,,,,,,,,,,,QLAKG0710form conv.docx,2025-11-14T06:21:10.812040
,,,10,Bee's The Word,78485,,,,,,,,,,,,,,,,,,,,,,,,,,,,,,,,,,,,,,,,,,,,,,,,,,,QLAKG0710form conv.docx,2025-11-14T06:21:10.812040
,,,10,Infra Terra,53122,,,,,,,,,,,,,,,,,,,,,,,,,,,,,,,,,,,,,,,,,,,,,,,,,,,QLAKG0710form conv.docx,2025-11-14T06:21:10.812040
,,,10,Blue Ridge,68776,,,,,,,,,,,,,,,,,,,,,,,,,,,,,,,,,,,,,,,,,,,,,,,,,,,QLAKG0710form conv.docx,2025-11-14T06:21:10.812040
,,,10,Pass Me Not,28673,,,,,,,,,,,,,,,,,,,,,,,,,,,,,,,,,,,,,,,,,,,,,,,,,,,QLAKG0710form conv.docx,2025-11-14T06:21:10.812040
